stage,feature_fingerprint,feature_config,model_config,parameters,best_epoch,epochs_trained,stopped_early,val_loss,val_accuracy,val_balanced_accuracy,val_macro_f1,val_weighted_f1,seconds
search,mel_838d57164b84,"{""fmax"": 8000.0, ""fmin"": 20.0, ""hop_length"": 256, ""n_fft"": 1024, ""n_frames"": 128, ""n_mels"": 64, ""sample_rate"": 16000, ""top_db"": 80.0}","{""channels"": [32, 64, 128], ""dropout"": 0.3, ""optim"": {""batch_size"": 32, ""learning_rate"": 0.0003, ""patience"": 8, ""weight_decay"": 0.0001}}",287654,11,19,True,1.70820052240694,0.3545706371191136,0.2764832162373146,0.2401660721950174,0.39160793237428326,26.0
search,mel_838d57164b84,"{""fmax"": 8000.0, ""fmin"": 20.0, ""hop_length"": 256, ""n_fft"": 1024, ""n_frames"": 128, ""n_mels"": 64, ""sample_rate"": 16000, ""top_db"": 80.0}","{""channels"": [16, 32, 64], ""dropout"": 0.3, ""optim"": {""batch_size"": 32, ""learning_rate"": 0.0003, ""patience"": 8, ""weight_decay"": 0.0001}}",72406,9,17,True,1.7053100316478276,0.4099722991689751,0.265682192731373,0.24851879015497713,0.440777086922189,18.9
search,mel_838d57164b84,"{""fmax"": 8000.0, ""fmin"": 20.0, ""hop_length"": 256, ""n_fft"": 1024, ""n_frames"": 128, ""n_mels"": 64, ""sample_rate"": 16000, ""top_db"": 80.0}","{""channels"": [32, 64, 128, 256], ""dropout"": 0.3, ""optim"": {""batch_size"": 32, ""learning_rate"": 0.0003, ""patience"": 8, ""weight_decay"": 0.0001}}",1174182,5,13,True,1.7202375258765392,0.407202216066482,0.34428723219706825,0.25274772529199524,0.42897690207664635,19.1
search,mel_838d57164b84,"{""fmax"": 8000.0, ""fmin"": 20.0, ""hop_length"": 256, ""n_fft"": 1024, ""n_frames"": 128, ""n_mels"": 64, ""sample_rate"": 16000, ""top_db"": 80.0}","{""channels"": [32, 64, 128], ""dropout"": 0.1, ""optim"": {""batch_size"": 32, ""learning_rate"": 0.0003, ""patience"": 8, ""weight_decay"": 0.0001}}",287654,5,13,True,1.676895766377119,0.48476454293628807,0.28237813340272355,0.2716872488441677,0.4870837478633782,16.7
search,mel_838d57164b84,"{""fmax"": 8000.0, ""fmin"": 20.0, ""hop_length"": 256, ""n_fft"": 1024, ""n_frames"": 128, ""n_mels"": 64, ""sample_rate"": 16000, ""top_db"": 80.0}","{""channels"": [32, 64, 128], ""dropout"": 0.5, ""optim"": {""batch_size"": 32, ""learning_rate"": 0.0003, ""patience"": 8, ""weight_decay"": 0.0001}}",287654,15,23,True,1.7074370205897704,0.481994459833795,0.3021326654523376,0.2741541265139744,0.47933336177537633,29.6
search,mel_838d57164b84,"{""fmax"": 8000.0, ""fmin"": 20.0, ""hop_length"": 256, ""n_fft"": 1024, ""n_frames"": 128, ""n_mels"": 64, ""sample_rate"": 16000, ""top_db"": 80.0}","{""channels"": [32, 64, 128], ""dropout"": 0.3, ""optim"": {""batch_size"": 32, ""learning_rate"": 0.001, ""patience"": 8, ""weight_decay"": 0.0001}}",287654,15,23,True,1.678731155197376,0.5041551246537396,0.3545916818457802,0.3111048142518537,0.5065892678003853,29.6
search,mel_838d57164b84,"{""fmax"": 8000.0, ""fmin"": 20.0, ""hop_length"": 256, ""n_fft"": 1024, ""n_frames"": 128, ""n_mels"": 64, ""sample_rate"": 16000, ""top_db"": 80.0}","{""channels"": [32, 64, 128], ""dropout"": 0.3, ""optim"": {""batch_size"": 32, ""learning_rate"": 0.0001, ""patience"": 8, ""weight_decay"": 0.0001}}",287654,7,15,True,1.6859438353298113,0.4487534626038781,0.3509627894873797,0.28312413401114794,0.47087934832373834,19.3
search,mel_838d57164b84,"{""fmax"": 8000.0, ""fmin"": 20.0, ""hop_length"": 256, ""n_fft"": 1024, ""n_frames"": 128, ""n_mels"": 64, ""sample_rate"": 16000, ""top_db"": 80.0}","{""channels"": [32, 64, 128], ""dropout"": 0.3, ""optim"": {""batch_size"": 64, ""learning_rate"": 0.0003, ""patience"": 8, ""weight_decay"": 0.0001}}",287654,10,18,True,1.6838737263904053,0.44598337950138506,0.37426814988290397,0.2685962170918552,0.45661502590430747,19.4
search,mel_838d57164b84,"{""fmax"": 8000.0, ""fmin"": 20.0, ""hop_length"": 256, ""n_fft"": 1024, ""n_frames"": 128, ""n_mels"": 64, ""sample_rate"": 16000, ""top_db"": 80.0}","{""channels"": [32, 64, 128], ""dropout"": 0.3, ""optim"": {""batch_size"": 32, ""learning_rate"": 0.0003, ""patience"": 8, ""weight_decay"": 0.0}}",287654,15,23,True,1.6625361680324058,0.44598337950138506,0.31396261601179637,0.2877711903920407,0.47063662408406265,29.5
search,mel_36e3aefd1b05,"{""fmax"": 8000.0, ""fmin"": 20.0, ""hop_length"": 256, ""n_fft"": 1024, ""n_frames"": 96, ""n_mels"": 64, ""sample_rate"": 16000, ""top_db"": 80.0}","{""channels"": [32, 64, 128], ""dropout"": 0.3, ""optim"": {""batch_size"": 32, ""learning_rate"": 0.0003, ""patience"": 8, ""weight_decay"": 0.0001}}",287654,8,16,True,1.7202950266919967,0.3684210526315789,0.27744600572469424,0.2539919050769834,0.40880039291829856,18.5
search,mel_73dcca50d8c5,"{""fmax"": 8000.0, ""fmin"": 20.0, ""hop_length"": 256, ""n_fft"": 1024, ""n_frames"": 128, ""n_mels"": 80, ""sample_rate"": 16000, ""top_db"": 80.0}","{""channels"": [32, 64, 128], ""dropout"": 0.3, ""optim"": {""batch_size"": 32, ""learning_rate"": 0.0003, ""patience"": 8, ""weight_decay"": 0.0001}}",287654,3,11,True,1.763257859486292,0.40166204986149584,0.24940367768236624,0.24100012981343066,0.42458445747052553,15.7
refine,mel_838d57164b84,"{""fmax"": 8000.0, ""fmin"": 20.0, ""hop_length"": 256, ""n_fft"": 1024, ""n_frames"": 128, ""n_mels"": 64, ""sample_rate"": 16000, ""top_db"": 80.0}","{""channels"": [32, 64, 128], ""dropout"": 0.3, ""optim"": {""batch_size"": 32, ""learning_rate"": 0.0005, ""patience"": 8, ""weight_decay"": 0.0001}}",287654,17,25,True,1.6505617633090455,0.5096952908587258,0.3075310087605169,0.2774213534747993,0.5044717952878038,32.3
refine,mel_838d57164b84,"{""fmax"": 8000.0, ""fmin"": 20.0, ""hop_length"": 256, ""n_fft"": 1024, ""n_frames"": 128, ""n_mels"": 64, ""sample_rate"": 16000, ""top_db"": 80.0}","{""channels"": [32, 64, 128], ""dropout"": 0.3, ""optim"": {""batch_size"": 32, ""learning_rate"": 0.002, ""patience"": 8, ""weight_decay"": 0.0001}}",287654,8,16,True,1.750183109101166,0.3739612188365651,0.25344240610634056,0.22388904036876425,0.40624224878489346,20.8
refine,mel_838d57164b84,"{""fmax"": 8000.0, ""fmin"": 20.0, ""hop_length"": 256, ""n_fft"": 1024, ""n_frames"": 128, ""n_mels"": 64, ""sample_rate"": 16000, ""top_db"": 80.0}","{""channels"": [32, 64, 128], ""dropout"": 0.3, ""optim"": {""batch_size"": 16, ""learning_rate"": 0.001, ""patience"": 8, ""weight_decay"": 0.0001}}",287654,5,13,True,1.7513357060767938,0.4487534626038781,0.24635701275045538,0.23393985920856475,0.4635057378284451,26.0
refine,mel_838d57164b84,"{""fmax"": 8000.0, ""fmin"": 20.0, ""hop_length"": 256, ""n_fft"": 1024, ""n_frames"": 128, ""n_mels"": 64, ""sample_rate"": 16000, ""top_db"": 80.0}","{""channels"": [32, 64, 128], ""dropout"": 0.3, ""optim"": {""batch_size"": 64, ""learning_rate"": 0.001, ""patience"": 8, ""weight_decay"": 0.0001}}",287654,25,33,True,1.6556709902438431,0.518005540166205,0.35976342267325867,0.2587394544766789,0.47057699357376664,35.6
refine,mel_838d57164b84,"{""fmax"": 8000.0, ""fmin"": 20.0, ""hop_length"": 256, ""n_fft"": 1024, ""n_frames"": 128, ""n_mels"": 64, ""sample_rate"": 16000, ""top_db"": 80.0}","{""channels"": [32, 64, 128], ""dropout"": 0.2, ""optim"": {""batch_size"": 32, ""learning_rate"": 0.001, ""patience"": 8, ""weight_decay"": 0.0001}}",287654,25,33,True,1.6841913943805853,0.5041551246537396,0.28639192471159686,0.26016008478357877,0.48084072207574524,42.6
refine,mel_838d57164b84,"{""fmax"": 8000.0, ""fmin"": 20.0, ""hop_length"": 256, ""n_fft"": 1024, ""n_frames"": 128, ""n_mels"": 64, ""sample_rate"": 16000, ""top_db"": 80.0}","{""channels"": [32, 64, 128], ""dropout"": 0.4, ""optim"": {""batch_size"": 32, ""learning_rate"": 0.001, ""patience"": 8, ""weight_decay"": 0.0001}}",287654,23,31,True,1.6952900655381897,0.3518005540166205,0.30155802758261774,0.24163716752578865,0.3802704013466081,40.1
refine,mel_838d57164b84,"{""fmax"": 8000.0, ""fmin"": 20.0, ""hop_length"": 256, ""n_fft"": 1024, ""n_frames"": 128, ""n_mels"": 64, ""sample_rate"": 16000, ""top_db"": 80.0}","{""channels"": [16, 32, 64], ""dropout"": 0.3, ""optim"": {""batch_size"": 32, ""learning_rate"": 0.001, ""patience"": 8, ""weight_decay"": 0.0001}}",72406,3,11,True,1.7715496042758805,0.3047091412742382,0.2466757741347905,0.22517344981339119,0.3465436939095117,12.3
refine,mel_838d57164b84,"{""fmax"": 8000.0, ""fmin"": 20.0, ""hop_length"": 256, ""n_fft"": 1024, ""n_frames"": 128, ""n_mels"": 64, ""sample_rate"": 16000, ""top_db"": 80.0}","{""channels"": [64, 128, 256], ""dropout"": 0.3, ""optim"": {""batch_size"": 32, ""learning_rate"": 0.001, ""patience"": 8, ""weight_decay"": 0.0001}}",1146694,8,16,True,1.7596211727306124,0.3656509695290859,0.2828486859224564,0.2367672436430014,0.39608977605229845,35.3
